num,average_fisherman_fitness,avg_num_fisherman_complaints,num_unblocked_cells,num_aquacultures
0,1.823627,6.64,589,5
1,1.888817,4.64,544,10
2,1.898710,0.40,502,15
3,2.026960,0.40,463,20
4,1.986960,5.68,424,25
5,2.025596,4.64,388,30
6,2.090627,5.12,350,35
7,2.116114,5.52,312,40
8,2.146103,4.96,281,45
9,2.182293,3.08,259,50
10,2.171460,9.24,228,55
11,2.223725,9.36,197,60
12,2.217404,9.60,173,65
13,2.140013,9.60,147,70
14,2.100460,9.60,128,75
