num,average_fisherman_fitness,avg_num_fisherman_complaints,num_unblocked_cells,num_aquacultures
0,1.810139,7.50,180,5
1,1.994889,2.00,154,10
2,2.121317,0.50,126,15
3,2.199889,0.50,107,20
4,2.107667,0.50,85,25
5,1.960389,0.50,65,30
